qc_id,fid,dirección,latitude,longitude,fecha,icon_url
"0","1","LA RIBERA (Camino), Barakaldo",43.2969875,-2.9862029,01-2022,
"1","2","AXULAR (Calle), 6, Barakaldo",43.2913006,-2.9935046,01-2022,
"2","3","GERNIKAKO ARBOLA (Avenida), 30, Barakaldo",43.2915045,-2.9917422,01-2022,
"3","4","JUAN DE GARAI (Calle), 3, Barakaldo",43.2567492,-2.9332614,01-2022,
"4","5","LA PAZ (Calle), Barakaldo",43.2810853,-2.9880258,01-2022,
"5","6","LA PAZ (Calle), Barakaldo",43.2810853,-2.9880258,01-2022,
"6","7","LA PAZ (Calle), Barakaldo",43.2810853,-2.9880258,01-2022,
"7","8","ZULOKO (Calle), 2, Barakaldo",43.2903165,-3.0013579,01-2022,
"8","9","NAFARROA (Calle), 14, Barakaldo",43.2969875,-2.9862029,01-2022,
"9","11","MURRIETA (Calle), Barakaldo",43.3009137,-2.9884207,01-2022,
"10","12","KAREAGA (Calle), 1, Barakaldo",43.2869809,-3.0077703,01-2022,
"11","13","BEURKO VIEJO (Calle), Barakaldo",43.3016854,-2.9974385,01-2022,
"12","14","MUNIBE (Calle), 6, Barakaldo",43.2993865,-2.9903267,01-2022,
"13","15","LA LIBERTAD (Avenida), 35, Barakaldo",43.2969875,-2.9862029,01-2022,
"14","16","CASTILLA-LEON (Calle), 7, Barakaldo",43.2948234,-2.9857605,01-2022,
"15","17","BIZKAIA (Calle), 46, Barakaldo",43.2939372,-2.9843139,01-2022,
"16","18","ALTOS HORNOS DE VIZCAYA (Avenida), 5, Barakaldo",43.2969875,-2.9862029,01-2022,
"17","19","LANDETA (Calle), 1, Barakaldo",43.2924708,-2.9886702,01-2022,
"18","20","ARAUTI (Calle), 16, Barakaldo",43.2997055,-2.9956896,01-2022,
"19","22","LA CALZADA (Calle), Barakaldo",43.2806247,-2.980211,01-2022,
"20","23","JUNTAS GENERALES (Calle), Barakaldo",43.2978061,-2.9894093,01-2022,
"21","24","LURKIZAGA (Calle), 4, Barakaldo",43.2931371,-2.9856409,01-2022,
"22","25","LOS FUEROS (Paseo), Barakaldo",43.2959595,-2.9872547,01-2022,
"23","26","EUSKADI (Avenida), 1, Barakaldo",43.2969875,-2.9862029,01-2022,
"24","27","LA LIBERTAD (Avenida), 48, Barakaldo",43.2969875,-2.9862029,01-2022,
"25","28","EXTREMADURA (Calle), Barakaldo",43.2903191,-2.9953849,01-2022,
"26","29","ZORRILLA (Calle), Barakaldo",43.3011792,-2.994469,01-2022,
"27","30","FRANCisc·o GOMEZ (Calle), 4, Barakaldo",43.2961451,-2.9946864,01-2022,
"28","31","LA LIBERTAD (Avenida), 37, Barakaldo",43.2969875,-2.9862029,01-2022,
"29","32","LA LIBERTAD (Avenida), 37, Barakaldo",43.2969875,-2.9862029,01-2022,
"30","33","LA LIBERTAD (Avenida), 37, Barakaldo",43.2969875,-2.9862029,01-2022,
"31","34","LA RIBERA·(Camino), Barakaldo",43.2969875,-2.9862029,01-2022,
"32","35","LA RIBERA (Camino), Barakaldo",43.2969875,-2.9862029,01-2022,
"33","36","LA RIBERA (Camino), Barakaldo",43.2969875,-2.9862029,01-2022,
"34","37","ALTOS HORNOS DE VIZCAYA, Barakaldo",43.2969875,-2.9862029,01-2022,
"35","38","KARRANZAIRU (Calle), Barakaldo",43.2969504,-2.9875791,01-2022,
"36","39","BUEN PASTOR (Calle), Barakaldo",43.1881174,-2.4613737,01-2022,
"37","40","LA LIBERTAD (Avenida), 11, Barakaldo",43.2969875,-2.9862029,01-2022,
"38","41","FRANCISCO GOMEZ (Calle), Barakaldo",43.2969875,-2.9862029,01-2022,
"39","42","LA PAZ (Calle), Barakaldo",43.2810853,-2.9880258,01-2022,
"40","43","LA PAZ (Calle), Barakaldo",43.2810853,-2.9880258,01-2022,
"41","44","EL FERROCARRIL (Paseo), Barakaldo",43.2969875,-2.9862029,01-2022,
"42","46","ELECTRICA NERVION (Calle), Barakaldo",43.300286,-2.9827955,01-2022,
"43","47","ANSIO (Plaza), Barakaldo",43.2835467,-2.9928658,01-2022,
"44","48","LASESARRE (Calle), Barakaldo",43.3020077,-2.9896478,01-2022,
"45","49","LUCHANA MINING (Calle), 4, Barakaldo",43.2892559,-2.9778952,01-2022,
"46","50","JUAN DE GARAI (Calle), 3, Barakaldo",43.2567492,-2.9332614,01-2022,
"47","51","FRANCISCO GOMEZ (Calle), 6, Barakaldo",43.2969875,-2.9862029,01-2022,
"48","52","ARRANDI (Calle), 26, Barakaldo",43.2956962,-2.9861551,01-2022,
"49","53","ARRANDI (Calle), 28, Barakaldo",43.2956962,-2.9861551,01-2022,
"50","55","ISMAEL GOROSTIZA (Calle), Barakaldo",43.2878028,-2.9871232,01-2022,
"51","57","JUAN DE GARAI (Calle), 1, Barakaldo",43.2569004,-2.9335702,01-2022,
"52","59","DOLORES IBARRURI (Paseo), 82, Barakaldo",43.300056,-2.9896847,01-2022,
"53","60","DOLORES IBARRURI (Paseo), 82, Barakaldo",43.300056,-2.9896847,01-2022,
"54","61","DOLORES IBARRURI (Paseo), 82, Barakaldo",43.300056,-2.9896847,01-2022,
"55","62","LASESARRE (Calle), 10, Barakaldo",43.3020077,-2.9896478,01-2022,
"56","63","RUBEN DARIO (Calle), 12, Barakaldo",43.2969875,-2.9862029,01-2022,
"57","64","LA CONSTANCIA (Calle), Barakaldo",43.2761948,-2.9805453,01-2022,
"58","66","RUBEN DARIO (Calle), 12, Barakaldo",43.2969875,-2.9862029,01-2022,
"59","68","MUGURUZA (Calle), Barakaldo",43.2993235,-2.9916717,01-2022,
"60","69","BIZKAIA (Calle), 28, Barakaldo",43.2943471,-2.9866775,01-2022,
"61","70","LUCHANA MINING (Calle), Barakaldo",43.2892559,-2.9778952,01-2022,
"62","71","BIZKAIA (Calle), 27, Barakaldo",43.2946835,-2.9867947,01-2022,
"63","72","LA LIBERTAD (Avenida}, 43, Barakaldo",43.2969875,-2.9862029,01-2022,
"64","73","LA LIBERTAD (Avenida), 45, Barakaldo",43.2969875,-2.9862029,01-2022,
"65","74","LETXEZAR (Calle), 12, Barakaldo",43.3007146,-2.9901334,01-2022,
"66","75","LA PAZ (Calle), 1, Barakaldo",43.2969875,-2.9862029,01-2022,
"67","76","LA PAZ (Calle), 1, Barakaldo",43.2969875,-2.9862029,01-2022,
"68","77","LA PAZ (Calle), 1, Barakaldo",43.2969875,-2.9862029,01-2022,
"69","78","LA PAZ (Calle), 1, Barakaldo",43.2969875,-2.9862029,01-2022,
"70","79","LA PAZ (Calle), 1, Barakaldo",43.2969875,-2.9862029,01-2022,
"71","80","FERRERIAS (Calle), 37, Barakaldo",43.3010627,-2.9919303,01-2022,
"72","82","BALEJO (Calle), 4, Barakaldo",43.2837761,-2.9833673,01-2022,
"73","83","ELECTRICA NERVION (Calle), Barakaldo",43.300286,-2.9827955,01-2022,
"74","84","CASTILLA-LA MANCHA (Calle), 3, Barakaldo",43.2955764,-2.9850411,01-2022,
"75","85","LA PAZ (Calle), Barakaldo",43.2810853,-2.9880258,01-2022,
"76","86","LA LIBERTAD (Avenida), 37, Barakaldo",43.2969875,-2.9862029,01-2022,
"77","87","LASESARRE (Calle), 16, Barakaldo",43.3020077,-2.9896478,01-2022,
"78","88","CASTILLA-LEON (Calle), 11, Barakaldo",43.2948234,-2.9857605,01-2022,
"79","89","PIO BAROJA (Calle), Barakaldo",43.2858558,-2.981046,01-2022,
"80","90","FERRERIAS (Calle), 48, Barakaldo",43.3014276,-2.9922548,01-2022,
"81","91","MUNIBE (Calle), 1, Barakaldo",43.2993865,-2.9903267,01-2022,
"82","92","GABRIEL ARESTI (Calle), 14, Barakaldo",43.2990418,-2.9922779,01-2022,
"83","93","IBAIBE (Calle), Barakaldo",43.3025561,-2.9966717,01-2022,
"84","94","IBAIBE (Calle), Barakaldo",43.3025561,-2.9966717,01-2022,
"85","95","IBAIBE (Calle), Barakaldo",43.3025561,-2.9966717,01-2022,
"86","96","IBAIBE (Calle), Barakaldo",43.3025561,-2.9966717,01-2022,
"87","97","IBAIBE (Calle), Barakaldo",43.3025561,-2.9966717,01-2022,
"88","98","IBAIBE (Calle), Barakaldo",43.3025561,-2.9966717,01-2022,
"89","99","IBAIBE (Calle), Barakaldo",43.3025561,-2.9966717,01-2022,
"90","100","IBAIBE (Calle), Barakaldo",43.3025561,-2.9966717,01-2022,
"91","101","IBAIBE (Calle), Barakaldo",43.3025561,-2.9966717,01-2022,
"92","102","IBAIBE (Calle), Barakaldo",43.3025561,-2.9966717,01-2022,
"93","103","IBAIBE (Calle), Barakaldo",43.3025561,-2.9966717,01-2022,
"94","104","IBAIBE (Calle), Barakaldo",43.3025561,-2.9966717,01-2022,
"95","105","IBAIBE (Calle), Barakaldo",43.3025561,-2.9966717,01-2022,
"96","106","IBAIBE (Calle), Barakaldo",43.3025561,-2.9966717,01-2022,
"97","107","IBAIBE (Calle), Barakaldo",43.3025561,-2.9966717,01-2022,
"98","108","IBAIBE (Calle), Barakaldo",43.3025561,-2.9966717,01-2022,
"99","109","IBAIBE (Calle), Barakaldo",43.3025561,-2.9966717,01-2022,
"100","110","IBAIBE (Calle), Barakaldo",43.3025561,-2.9966717,01-2022,
"101","111","IBAIBE (Calle), Barakaldo",43.3025561,-2.9966717,01-2022,
"102","112","IBAIBE (Calle), Barakaldo",43.3025561,-2.9966717,01-2022,
"103","113","IBAIBE (Calle), Barakaldo",43.3025561,-2.9966717,01-2022,
"104","114","IBAIBE (Calle), Barakaldo",43.3025561,-2.9966717,01-2022,
"105","115","IBAIBE (Calle), Barakaldo",43.3025561,-2.9966717,01-2022,
"106","116","IBAIBE (Calle), Barakaldo",43.3025561,-2.9966717,01-2022,
"107","117","IBAIBE (Calle), Barakaldo",43.3025561,-2.9966717,01-2022,
"108","118","IBAIBE (Calle), Barakaldo",43.3025561,-2.9966717,01-2022,
"109","119","IBAIBE (Calle), Barakaldo",43.3025561,-2.9966717,01-2022,
"110","120","IBAIBE (Calle), Barakaldo",43.3025561,-2.9966717,01-2022,
"111","121","IBAIBE (Calle), Barakaldo",43.3025561,-2.9966717,01-2022,
"112","122","IBAIBE (Calle), Barakaldo",43.3025561,-2.9966717,01-2022,
"113","123","IBAIBE (Calle), Barakaldo",43.3025561,-2.9966717,01-2022,
"114","124","IBAIBE (Calle), Barakaldo",43.3025561,-2.9966717,01-2022,
"115","125","IBAIBE (Calle), Barakaldo",43.3025561,-2.9966717,01-2022,
"116","126","IBAIBE (Calle), Barakaldo",43.3025561,-2.9966717,01-2022,
"117","127","IBAIBE (Calle), Barakaldo",43.3025561,-2.9966717,01-2022,
"118","128","IBAIBE (Calle), Barakaldo",43.3025561,-2.9966717,01-2022,
"119","129","IBAIBE (Calle), Barakaldo",43.3025561,-2.9966717,01-2022,
"120","131","LA CONSTANCIA (Calle), 13, Barakaldo",43.2761948,-2.9805453,01-2022,
"121","132","ARABA (Calle), Barakaldo",43.2949849,-2.9843215,01-2022,
"122","134","LA ANTEIGLESIA (Plaza), Barakaldo",43.2955255,-2.9971686,01-2022,
"123","135","CASTILLA-LA MANCHA (Calle), 13, Barakaldo",43.2955764,-2.9850411,01-2022,
"124","136","KARRANZAIRU (Calle), 6, Barakaldo",43.2969504,-2.9875791,01-2022,
"125","137","GERNIKAKO ARBOLA (Avenida), 75, Barakaldo",43.284488,-2.9943436,01-2022,
"126","138","GERNIKAKO ARBOLA (Avenida), 71, Barakaldo",43.2944127,-2.9951972,01-2022,
"127","139","EL FERROCARRIL (Paseo), Barakaldo",43.2969875,-2.9862029,01-2022,
"128","140","LARRASOLO (Calle), 13, Barakaldo",43.2940525,-2.9931077,01-2022,
"129","141","ZUBILETA (Calle), Barakaldo",43.2674112,-2.975815,01-2022,
"130","142","CASTILLA-LA MANCHA (Calle), 3, Barakaldo",43.2955764,-2.9850411,01-2022,
"131","144","SANTA TERESA (Plaza), Barakaldo",43.2997974,-2.9932294,01-2022,
"132","145","LASESARRE (Calle), Barakaldo",43.3020077,-2.9896478,01-2022,
"133","146","LLANO (Calle), Barakaldo",43.2854368,-2.9795262,01-2022,
"134","148","PORMETXETA (Calle), 5, Barakaldo",43.2980785,-2.9833235,01-2022,
"135","149","KARRANZAIRU (Calle), Barakaldo",43.2969504,-2.9875791,01-2022,
"136","150","CASTILLA-LEON (Calle), 7, Barakaldo",43.2948234,-2.9857605,01-2022,
"137","151","DOLORES IBARRURI (Paseo), Barakaldo",43.300056,-2.9896847,01-2022,
"138","152","IBAIBE (Calle), Barakaldo",43.3025561,-2.9966717,01-2022,
"139","153","APUKO (Calle), 14, Barakaldo",43.3007239,-2.9941513,01-2022,
"140","154","MUNIBE (Calle), Barakaldo",43.2993865,-2.9903267,01-2022,
"141","155","REKETA (Calle), Barakaldo",43.2982752,-2.9815054,01-2022,
"142","156","AZKUE (Ronda), Barakaldo",43.2906828,-2.99128,01-2022,
"143","157","ARRANDI (Calle), 22, Barakaldo",43.2956962,-2.9861551,01-2022,
"144","158","EUSKADI (Avenida), 46, Barakaldo",43.2969875,-2.9862029,01-2022,
"145","159","LA INMACULADA (Calle), 28, Barakaldo",43.2847548,-2.984584,01-2022,
"146","160","BUEN PASTOR (Calle), Barakaldo",43.1881174,-2.4613737,01-2022,
"147","161","OCHO DE SEPTIEMBRE (Calle), Barakaldo",43.2790762,-2.9775069,01-2022,
"148","162","FLEMING (Calle), 4, Barakaldo",43.2969875,-2.9862029,01-2022,
"149","163","LA PAZ (Calle), 45, Barakaldo",43.2969875,-2.9862029,01-2022,
"150","164","LA PAZ (Calle), 45, Barakaldo",43.2969875,-2.9862029,01-2022,
"151","165","UGARTEBEITIA (Calle), Barakaldo",43.2883904,-3.0125326,01-2022,
"152","166","UGARTEBEITIA (Calle), Barakaldo",43.2883904,-3.0125326,01-2022,
"153","167","LANDETA (Calle), Barakaldo",43.2924708,-2.9886702,01-2022,
"154","168","ALDAPA (Calle), 20, Barakaldo",43.30065,-2.98634,01-2022,
"155","169","BEURKO VIEJO (Calle), Barakaldo",43.3016854,-2.9974385,01-2022,
"156","170","BEURKO VIEJO (Calle), Barakaldo",43.3016854,-2.9974385,01-2022,
"157","171","BIZKAIA (Calle), 54, Barakaldo",43.2939559,-2.9833455,01-2022,
"158","172","CASTILLA-LEON (Calle), 13, Barakaldo",43.2948234,-2.9857605,01-2022,
"159","173","DR. NORBERTO ACEBAL (Calle), 7, Barakaldo",43.2842006,-2.9965541,01-2022,
"160","174","FERRERIAS (Calle), 48, Barakaldo",43.3014276,-2.9922548,02-2022,
"161","175","JUAN XXIII (Calle), Barakaldo",43.2806921,-2.9841,02-2022,
"162","177","FLEMING (Calle), Barakaldo",43.2969875,-2.9862029,02-2022,
"163","178","JUAN XXIII (Calle) , Barakaldo",43.2806921,-2.9841,02-2022,
"164","179","IBAIBE (Calle), 12, Barakaldo",43.3025561,-2.9966717,02-2022,
"165","180","CASTILLA-LEON (Calle), 7, Barakaldo",43.2948234,-2.9857605,02-2022,
"166","181","ANDICOLLANO (Calle), 56, Barakaldo",43.288183,-2.9810264,02-2022,
"167","182","ANDICOLLANO (Calle), 56 , Barakaldo",43.288183,-2.9810264,02-2022,
"168","183","LURKIZAGA (Calle), 1, Barakaldo",43.2929334,-2.9849039,02-2022,
"169","184","BEURKO VIEJO (Calle) , Barakaldo",43.3016854,-2.9974385,02-2022,
"170","185","BEURKO VIEJO (Calle), Barakaldo",43.3016854,-2.9974385,02-2022,
"171","186","LANDABURU (Plaza), Barakaldo",43.2941366,-2.9886503,02-2022,
"172","187","DOLORES IBARRURI (Paseo), 80, Barakaldo",43.300056,-2.9896847,02-2022,
"173","188","ANDICOLLANO (Calle), Barakaldo",43.288183,-2.9810264,02-2022,
"174","189","MAGALLANES (Calle) , Barakaldo",43.280329,-2.9809798,02-2022,
"175","191","NAFARROA (Calle), 11, Barakaldo",43.2969875,-2.9862029,02-2022,
"176","192","BUEN PASTOR (calle), 1, Barakaldo",43.2969875,-2.9862029,02-2022,
"177","194","AZKUE (Ronda), 1, Barakaldo",43.2906828,-2.99128,02-2022,
"178","195","BARANDIARAN (Calle) , Barakaldo",43.2849918,-2.9835584,02-2022,
"179","196","MIRANDA (Avenida), 12, Barakaldo",43.2964707,-2.994534,02-2022,
"180","199","SANTA AGUEDA (Calle) , Barakaldo",43.2576124,-2.9797667,02-2022,
"181","200","ARRANO! (calle), 38, Barakaldo",43.2969875,-2.9862029,02-2022,
"182","201","LA PAZ (Calle), Barakaldo",43.2810853,-2.9880258,02-2022,
"183","202","LA PAZ (Calle), Barakaldo",43.2810853,-2.9880258,02-2022,
"184","203","LA PAZ (Calle), Barakaldo",43.2810853,-2.9880258,02-2022,
"185","204","IBAIBE (Calle) , Barakaldo",43.3025561,-2.9966717,02-2022,
"186","205","IBAIBE (Calle) , Barakaldo",43.3025561,-2.9966717,02-2022,
"187","206","GERNIKAKO ARBOLA (Avenida), 50, Barakaldo",43.2878731,-2.9935318,02-2022,
"188","207","LA BONDAD (Calle), Barakaldo",43.2984175,-2.9953181,02-2022,
"189","208","OKELURI (Calle), , Barakaldo",43.2846044,-2.9823949,02-2022,
"190","209","LA LIBERTAD (Avenida), 17 , Barakaldo",43.2969875,-2.9862029,02-2022,
"191","210","FERRERIAS (Calle), 37, Barakaldo",43.3010627,-2.9919303,02-2022,
"192","212","FRANCISCO GOMEZ (calle), 6, Barakaldo",43.2969875,-2.9862029,02-2022,
"193","215","BAGATZA (Calle), 6 , Barakaldo",43.298337,-2.9934767,02-2022,
"194","216","BIZKAIA (Calle), Barakaldo",43.2940441,-2.9845767,02-2022,
"195","217","BALEJO (Calle), Barakaldo",43.2837761,-2.9833673,02-2022,
"196","218","SAN VICENTE (Calle), 36, Barakaldo",43.2969875,-2.9862029,02-2022,
"197","219","LA FLORIDA (Calle), 9, Barakaldo",43.2926773,-2.9863454,02-2022,
"198","220","10 MURILLO (Calle), Barakaldo",43.2937227,-2.998538,02-2022,
"199","222","CASTILLA-LEON (Calle), 8, Barakaldo",43.2948234,-2.9857605,02-2022,
"200","225","MAGALLANES (Calle) , Barakaldo",43.280329,-2.9809798,02-2022,
"201","226","LA PAZ (Calle), Barakaldo",43.2810853,-2.9880258,02-2022,
"202","227","LA LIBERTAD (Avenida), 35 , Barakaldo",43.2969875,-2.9862029,02-2022,
"203","228","LA PAZ (Calle), 1 , Barakaldo",43.2969875,-2.9862029,02-2022,
"204","229","SERRALTA (Alameda) , Barakaldo",43.2889311,-2.9828852,02-2022,
"205","230","SERRALTA (Alameda) , Barakaldo",43.2889311,-2.9828852,02-2022,
"206","231","SERRALTA (Alameda), 16 , Barakaldo",43.2889311,-2.9828852,02-2022,
"207","232","SERRALTA (Alameda) , Barakaldo",43.2889311,-2.9828852,02-2022,
"208","233","SERRALTA (Alameda) , Barakaldo",43.2889311,-2.9828852,02-2022,
"209","234","SERRALTA (Alameda), Barakaldo",43.2889311,-2.9828852,02-2022,
"210","235","SERRALTA (Alameda), Barakaldo",43.2889311,-2.9828852,02-2022,
"211","236","SERRALTA (Alameda) _, Barakaldo",43.2889311,-2.9828852,02-2022,
"212","237","SERRALTA (Alameda) , Barakaldo",43.2889311,-2.9828852,02-2022,
"213","238","SERRALTA (Alameda) , Barakaldo",43.2889311,-2.9828852,02-2022,
"214","239","SERRALTA (Alameda), Barakaldo",43.2889311,-2.9828852,02-2022,
"215","240","JUAN XXIII (Calle), Barakaldo",43.2806921,-2.9841,02-2022,
"216","241","SERRALTA (Alameda), Barakaldo",43.2889311,-2.9828852,02-2022,
"217","242","SERRALTA (Alameda) , Barakaldo",43.2889311,-2.9828852,02-2022,
"218","243","BUEN PASTOR (Calle), Barakaldo",43.1881174,-2.4613737,02-2022,
"219","244","LURKIZAGA (Calle), 1 , Barakaldo",43.2929334,-2.9849039,02-2022,
"220","245","FERRERIAS (Calle), 37 , Barakaldo",43.3010627,-2.9919303,02-2022,
"221","246","MUNIBE (Calle) , Barakaldo",43.2993865,-2.9903267,02-2022,
"222","247","MIRANDA (Avenida), 2, Barakaldo",43.2964707,-2.994534,02-2022,
"223","248","LA RIBERA (Camino) , Barakaldo",43.2969875,-2.9862029,02-2022,
"224","249","LUCHANA MINING (Calle), 10 , Barakaldo",43.2892559,-2.9778952,02-2022,
"225","250","OKELURI (Calle) , Barakaldo",43.2846044,-2.9823949,02-2022,
"226","252","AZKUE (Ronda), 42, Barakaldo",43.2906828,-2.99128,02-2022,
"227","253","BIZKAIA (Calle), 15 , Barakaldo",43.2952279,-2.9876151,02-2022,
"228","254","GERNIKAKO ARBOLA (Avenida), 52, Barakaldo",43.2873591,-2.9937627,02-2022,
"229","255","GERNIKAKO ARBOLA (Avenida), 52, Barakaldo",43.2873591,-2.9937627,02-2022,
"230","256","MURRIETA (Calle), 33, Barakaldo",43.2969875,-2.9862029,02-2022,
"231","257","BALEJO (Calle}, 4, Barakaldo",43.2837761,-2.9833673,02-2022,
"232","258","LA PAZ (Calle), 21, Barakaldo",43.2969875,-2.9862029,02-2022,
"233","259","SEGISMUNDO MORET (Calle), Barakaldo",,,02-2022,
"234","260","ARABA (Calle), 6 , Barakaldo",43.2969875,-2.9862029,02-2022,
"235","261","SAN BARTOLOME (Avenida), 7, Barakaldo",43.292046,-3.0043672,02-2022,
"236","262","MIRANDA (Avenida), 2, Barakaldo",43.2964707,-2.994534,02-2022,
"237","263","MIRANDA (Avenida), 2, Barakaldo",43.2964707,-2.994534,02-2022,
"238","264","IBAIBE (calle) , Barakaldo",43.3025561,-2.9966717,02-2022,
"239","265","LUCHANA MINING (Calle), 1, Barakaldo",43.2892559,-2.9778952,02-2022,
"240","266","ANSIO (Plaza), 1 , Barakaldo",43.2830261,-2.9941165,02-2022,
"241","267","ARABA (Calle), 6, Barakaldo",43.2969875,-2.9862029,02-2022,
"242","268","IBAIBE (calle}, Barakaldo",43.3025561,-2.9966717,02-2022,
"243","269","IBAIBE (Calle), Barakaldo",43.3025561,-2.9966717,02-2022,
"244","270","BUEN PASTOR (Calle), 64, Barakaldo",43.2969875,-2.9862029,02-2022,
"245","271","BEURKO VIEJO (Calle}, 9 , Barakaldo",43.3016854,-2.9974385,02-2022,
"246","272","BIZKAIA (Calle}, 14, Barakaldo",43.2951122,-2.9878605,02-2022,
"247","273","ANAITASUNA (Calle), 2 , Barakaldo",43.2834204,-2.9904454,02-2022,
"248","275","FERRERIAS (Calle), 48, Barakaldo",43.3014276,-2.9922548,02-2022,
"249","276","BEURKO VIEJO (Calle}, Barakaldo",43.3016854,-2.9974385,02-2022,
"250","277","BEURKO VIEJO (Calle), 17, Barakaldo",43.3016854,-2.9974385,02-2022,
"251","278","FERRERIAS (Calle}, 37, Barakaldo",43.3010627,-2.9919303,02-2022,
"252","280","BIZKAIA (Calle}, 28, Barakaldo",43.2943471,-2.9866775,02-2022,
"253","281","LURKIZAGA (Calle) , Barakaldo",43.2929842,-2.9868835,02-2022,
"254","282","LA LIBERTAD (Avenida), 48 , Barakaldo",43.2969875,-2.9862029,02-2022,
"255","283","DOLORES IBARRURI (Paseo), 80 , Barakaldo",43.300056,-2.9896847,02-2022,
"256","284","RUBEN DARIO (Calle), 1, Barakaldo",43.2969875,-2.9862029,02-2022,
"257","285","MANOLO TRAVIESO (Calle), Barakaldo",43.3022874,-2.9861449,02-2022,
"258","287","BUEN PASTOR (Calle) , Barakaldo",43.1881174,-2.4613737,02-2022,
"259","288","BIZKAIA (Calle), 14, Barakaldo",43.2951122,-2.9878605,02-2022,
"260","289","LA PAZ (Calle) , Barakaldo",43.2810853,-2.9880258,02-2022,
"261","290","LABROSTEGI (Calle), 3, Barakaldo",43.2826421,-2.9873545,02-2022,
"262","291","TEXIDOR (Calle) , Barakaldo",43.2876189,-2.9795876,02-2022,
"263","294","JUAN DE GARAI (Calle), Barakaldo",43.2970061,-2.9890756,02-2022,
"264","295","LA PAZ (Calle), 13 , Barakaldo",43.2969875,-2.9862029,02-2022,
"265","296","CASTILLA-LEON (Calle), 7 , Barakaldo",43.2948234,-2.9857605,02-2022,
"266","297","IBAIBE (Calle) , Barakaldo",43.3025561,-2.9966717,02-2022,
"267","298","FERRERIAS (Calle), 37 , Barakaldo",43.3010627,-2.9919303,02-2022,
"268","299","ARABA (Calle), 6 , Barakaldo",43.2969875,-2.9862029,02-2022,
"269","300","SAN VICENTE (Calle), 34, Barakaldo",43.2969875,-2.9862029,02-2022,
"270","302","CALERO VIEJO (Calle) , Barakaldo",43.2772705,-2.9779695,02-2022,
"271","303","EL AHORRO (Calle), 3 , Barakaldo",43.2969875,-2.9862029,02-2022,
"272","304","MURRIETA (Calle), 1 AZKUE (Ronda), 45 , Barakaldo",43.2969875,-2.9862029,02-2022,
"273","305","JUNTAS GENERALES (Calle), 12, Barakaldo",42.863767,-2.6832491,02-2022,
"274","306","LA LIBERTAD (Avenida), 15, Barakaldo",43.2969875,-2.9862029,02-2022,
"275","307","LA LIBERTAD (Avenida), 17 , Barakaldo",43.2969875,-2.9862029,02-2022,
"276","308","LA LIBERTAD (Avenida), 12 , Barakaldo",43.2969875,-2.9862029,02-2022,
"277","309","LA LIBERTAD (Avenida), 15 , Barakaldo",43.2969875,-2.9862029,02-2022,
"278","310","LA CONSTANCIA (Calle) , Barakaldo",43.2761948,-2.9805453,02-2022,
"279","311","EUSKADI (Avenida), 58, Barakaldo",43.2969875,-2.9862029,02-2022,
"280","312","OBISPO PADRE OLAETXE (Calle), Barakaldo",43.2912566,-2.9748226,02-2022,
"281","313","BALEJO (Calle), 5, Barakaldo",43.2837761,-2.9833673,02-2022,
"282","314","BIZKAIA (Calle), 26, Barakaldo",43.2944898,-2.98699,02-2022,
"283","315","LA PAZ (calle), Barakaldo",43.2810853,-2.9880258,02-2022,
"284","316","LA PAZ (Calle), Barakaldo",43.2810853,-2.9880258,02-2022,
"285","317","FERRERIAS (Calle), 48 , Barakaldo",43.3014276,-2.9922548,02-2022,
"286","318","JUAN DE GARAI (Calle), 1, Barakaldo",43.2569004,-2.9335702,02-2022,
"287","320","BALEJO (calle), 5, Barakaldo",43.2837761,-2.9833673,02-2022,
"288","321","LA LIBERTAD (Avenida), 37, Barakaldo",43.2969875,-2.9862029,03-2022,
"289","322","JUAN DE GARAI (Calle), 2, Barakaldo",43.2560445,-2.9335179,03-2022,
"290","323","DOLORES IBARRURI (Paseo), 82, Barakaldo",43.300056,-2.9896847,03-2022,
"291","324","DOLORES IBARRURI (Paseo) , Barakaldo",43.300056,-2.9896847,03-2022,
"292","325","FRANCISCO GOMEZ (Calle), 6, Barakaldo",43.2969875,-2.9862029,03-2022,
"293","326","SAN VALENTIN BERRIOTXOA (Calle) , Barakaldo",43.2978061,-2.9894093,03-2022,
"294","327","SERRALTA (Alameda) , Barakaldo",43.2889311,-2.9828852,03-2022,
"295","328","LLANO (Calle), 82 , Barakaldo",43.2872747,-2.9780521,03-2022,
"296","329","KARRANZAIRU (Calle), Barakaldo",43.2969504,-2.9875791,03-2022,
"297","330","BALEJO (Calle), 13 , Barakaldo",43.2837761,-2.9833673,03-2022,
"298","331","BALEJO (Calle), 4 , Barakaldo",43.2837761,-2.9833673,03-2022,
"299","332","CASTILLA-LEON (Calle) , Barakaldo",43.2948234,-2.9857605,03-2022,
"300","333","LA DINAMITA (Calle), Barakaldo",43.2772277,-2.9858697,03-2022,
"301","335","JUNTAS GENERALES (Calle), 5 , Barakaldo",42.8640138,-2.6834743,03-2022,
"302","336","JUNTAS GENERALES (Calle), Barakaldo",43.2978061,-2.9894093,03-2022,
"303","337","LA INMACULADA (Calle), 22, Barakaldo",43.2847548,-2.984584,03-2022,
"304","338","SAN LUIS (Calle), 7 , Barakaldo",43.2969875,-2.9862029,03-2022,
"305","339","LA PAZ (Calle) , Barakaldo",43.2810853,-2.9880258,03-2022,
"306","340","LA PAZ (Calle), Barakaldo",43.2810853,-2.9880258,03-2022,
"307","341","LA PAZ (Calle) , Barakaldo",43.2810853,-2.9880258,03-2022,
"308","343","DOLORES IBARRURI (Paseo), Barakaldo",43.300056,-2.9896847,03-2022,
"309","344","LA PAZ (Calle) , Barakaldo",43.2810853,-2.9880258,03-2022,
"310","345","DOLORES IBARRURI (Paseo) , Barakaldo",43.300056,-2.9896847,03-2022,
"311","346","TEXIDOR (Calle) , Barakaldo",43.2876189,-2.9795876,03-2022,
"312","347","TEXIDOR (Calle), 17, Barakaldo",43.2876189,-2.9795876,03-2022,
"313","348","IBAIBE (Calle) , Barakaldo",43.3025561,-2.9966717,03-2022,
"314","349","ERRIOXA (Calle), 1 , Barakaldo",43.2956989,-2.9839822,03-2022,
"315","350","CASERIO IBARRE (Calle), 1, Barakaldo",43.2920591,-2.9820334,03-2022,
"316","351","LA LIBERTAD (Avenida), 37, Barakaldo",43.2969875,-2.9862029,03-2022,
"317","352","LA LIBERTAD {Avenida), 48, Barakaldo",43.2969875,-2.9862029,03-2022,
"318","353","A BIZKAIA (Calle), 26 , Barakaldo",43.2944898,-2.98699,03-2022,
"319","354","CASTILLA-LEON (Calle), 7 , Barakaldo",43.2948234,-2.9857605,03-2022,
"320","355","ARRANDI (Calle), 38 , Barakaldo",43.2956962,-2.9861551,03-2022,
"321","356","OBISPO PADRE OLAETXE (Calle), 43 , Barakaldo",43.2912566,-2.9748226,03-2022,
"322","357","GERNIKAKO ARBOLA (Avenida), 79 , Barakaldo",43.284064,-2.994757,03-2022,
"323","358","ERRIOXA {Calle) , Barakaldo",43.2956989,-2.9839822,03-2022,
"324","359","MURRIETA (Calle), 6 , Barakaldo",43.2969875,-2.9862029,03-2022,
"325","360","LURKIZAGA (Calle), 1 , Barakaldo",43.2929334,-2.9849039,03-2022,
"326","361","MURRIETA (Calle), 7 , Barakaldo",43.2969875,-2.9862029,03-2022,
"327","362","LA BONDAD (Calle), 10 , Barakaldo",43.2984175,-2.9953181,03-2022,
"328","364","BIZKAIA (Calle), 50 , Barakaldo",43.2939473,-2.9839232,03-2022,
"329","365","OCHO DE SEPTIEMBRE (Calle), Barakaldo",43.2790762,-2.9775069,03-2022,
"330","366","LA PAZ (Calle), 1, Barakaldo",43.2969875,-2.9862029,03-2022,
"331","367","LA PAZ (Calle), 1, Barakaldo",43.2969875,-2.9862029,03-2022,
"332","368","UGARTEBEITIA (Calle), 1 , Barakaldo",43.2883904,-3.0125326,03-2022,
"333","369","BEURKO VIEJO (Calle), 9 , Barakaldo",43.3016854,-2.9974385,03-2022,
"334","370","FRANCISCO GOMEZ (Calle), 1, Barakaldo",43.2969875,-2.9862029,03-2022,
"335","371","FRANCISCO GOMEZ (Calle), 3, Barakaldo",43.2969875,-2.9862029,03-2022,
"336","372","ELECTRICA NERVION (Calle), 1 , Barakaldo",43.300286,-2.9827955,03-2022,
"337","373","BALEJO (Calle), 5, Barakaldo",43.2837761,-2.9833673,03-2022,
"338","374","LA PAZ (Calle), 38 , Barakaldo",43.2969875,-2.9862029,03-2022,
"339","375","MURRIETA (Calle) , Barakaldo",43.3009137,-2.9884207,03-2022,
"340","376","MURRIETA (Calle) , Barakaldo",43.3009137,-2.9884207,03-2022,
"341","377","MURRIETA (Calle) , Barakaldo",43.3009137,-2.9884207,03-2022,
"342","378","HOGAR PROPIO (Calle), 7 , Barakaldo",43.2985397,-2.98743,03-2022,
"343","379","HOGAR PROPIO (Calle), 7 , Barakaldo",43.2985397,-2.98743,03-2022,
"344","382","ARABA (Calle), 6 , Barakaldo",43.2969875,-2.9862029,03-2022,
"345","384","FRANCISCO TIERRA (Calle), 1, Barakaldo",43.2786141,-2.9790658,03-2022,
"346","385","ALTOS HORNOS DE VIZCAYA (Avenida), 10, Barakaldo",43.2969875,-2.9862029,03-2022,
"347","386","LA INMACULADA (Calle), 28 , Barakaldo",43.2847548,-2.984584,03-2022,
"348","387","LA INMACULADA (Calle), 28 , Barakaldo",43.2847548,-2.984584,03-2022,
"349","388","ALTOS HORNOS DE VIZCAYA [Avenida) , Barakaldo",43.2969875,-2.9862029,03-2022,
"350","389","MURRIETA (Calle) , Barakaldo",43.3009137,-2.9884207,03-2022,
"351","392","GERNIKAKO ARBOLA (Avenida), 79 , Barakaldo",43.284064,-2.994757,03-2022,
"352","393","SAN VICENTE (Calle), 36 , Barakaldo",43.2969875,-2.9862029,03-2022,
"353","395","BUEN PASTOR (Calle) , Barakaldo",43.1881174,-2.4613737,03-2022,
"354","396","BAGATZA (Calle), 4 , Barakaldo",43.298337,-2.9934767,03-2022,
"355","399","ARRANDI (Calle), 32 , Barakaldo",43.2956962,-2.9861551,03-2022,
"356","400","CASTILLA-LA MANCHA (Calle), 5, Barakaldo",43.2955764,-2.9850411,03-2022,
"357","401","DOLORES IBARRURI (Paseo), 82 , Barakaldo",43.300056,-2.9896847,03-2022,
"358","402","ERREKATXU (Calle) , Barakaldo",43.2941343,-3.0004199,03-2022,
"359","403","FRANCISCO GOMEZ (Calle), 22 , Barakaldo",43.2969875,-2.9862029,03-2022,
"360","404","CASERIO IBARRE (calle) , Barakaldo",43.2920591,-2.9820334,03-2022,
"361","405","BITURITXA (Calle) , Barakaldo",43.2905414,-2.981039,03-2022,
"362","406","LETXEZAR (Calle), 29, Barakaldo",43.3007146,-2.9901334,03-2022,
"363","407","EL BOTXO (Plaza), 5, Barakaldo",43.2986033,-2.9837055,03-2022,
"364","408","JACINTO BENAVENTE (Calle) , Barakaldo",,,03-2022,
"365","409","KAREAGA (Calle), 1, Barakaldo",43.2869809,-3.0077703,03-2022,
"366","411","LA INMACULADA (Calle), 25 , Barakaldo",43.2847548,-2.984584,03-2022,
"367","412","EXTREMADURA (Calle), Barakaldo",43.2903191,-2.9953849,03-2022,
"368","413","ARABA (Calle), 6 , Barakaldo",43.2969875,-2.9862029,03-2022,
"369","415","FERRERIAS (Calle), 50, Barakaldo",43.3015862,-2.9923806,03-2022,
"370","416","JOSE VARA (Calle), Barakaldo",43.2867342,-3.0014249,03-2022,
"371","418","BUEN PASTOR (Calle), Barakaldo",43.1881174,-2.4613737,03-2022,
"372","419","AZKUE (Ronda), Barakaldo",43.2906828,-2.99128,03-2022,
"373","420","ARAUTI (Calle), 16 , Barakaldo",43.2997055,-2.9956896,03-2022,
"374","421","FRANCISCO GOMEZ (Calle), 6, Barakaldo",43.2969875,-2.9862029,03-2022,
"375","422","CASTILLA-LA MANCHA (Calle), 3, Barakaldo",43.2955764,-2.9850411,03-2022,
"376","424","LA BONDAD (Calle) , Barakaldo",43.2984175,-2.9953181,04-2022,
"377","425","AXULAR (Calle), Barakaldo",43.2913006,-2.9935046,04-2022,
"378","427","PIO BAROJA (Calle), Barakaldo",43.2858558,-2.981046,04-2022,
"379","428","PIO BAROJA (Calle), Barakaldo",43.2858558,-2.981046,04-2022,
"380","429","CASTILLA-LEON (Calle), 7, Barakaldo",43.2948234,-2.9857605,04-2022,
"381","430","SAN BARTOLOME (Avenida), 1, Barakaldo",43.292046,-3.0043672,04-2022,
"382","432","EL BARRACON (Calle), 1 , Barakaldo",43.3035154,-2.9887415,04-2022,
"383","433","EL BARRACON (Calle), 1 , Barakaldo",43.3035154,-2.9887415,04-2022,
"384","434","BEURKO VIEJO (Calle), 19 , Barakaldo",43.3016854,-2.9974385,04-2022,
"385","435","CASTILLA-LA MANCHA (Calle), 3 , Barakaldo",43.2955764,-2.9850411,04-2022,
"386","436","DOLORES IBARRURI (Paseo), Barakaldo",43.300056,-2.9896847,04-2022,
"387","437","TXAHO (Calle), 3 , Barakaldo",43.2901828,-2.9804528,04-2022,
"388","438","PIO BAROJA (Calle) , Barakaldo",43.2858558,-2.981046,04-2022,
"389","439","SAN VICENTE (Calle), 38, Barakaldo",43.2969875,-2.9862029,04-2022,
"390","440","BEURKO (Avenida), 17, Barakaldo",43.2924043,-2.9910338,04-2022,
"391","441","LA LIBERTAD (Avenida), 45 , Barakaldo",43.2969875,-2.9862029,04-2022,
"392","442","CRUCES (Plaza) , Barakaldo",43.2814268,-2.9836077,04-2022,
"393","443","CASTILLA-LA MANCHA (Calle), 3, Barakaldo",43.2955764,-2.9850411,04-2022,
"394","444","MURRIETA (Calle), 1 , Barakaldo",43.2969875,-2.9862029,04-2022,
"395","445","OCHO DE SEPTIEMBRE (Calle), 1 , Barakaldo",43.2790762,-2.9775069,04-2022,
"396","446","BALEJO (Calle) , Barakaldo",43.2837761,-2.9833673,04-2022,
"397","447","DOLORES IBARRURI (Paseo) , Barakaldo",43.300056,-2.9896847,04-2022,
"398","448","DOLORES IBARRURI (Paseo) , Barakaldo",43.300056,-2.9896847,04-2022,
"399","449","ALBENIZ (Calle) , Barakaldo",43.2801236,-2.9825669,04-2022,
"400","450","AZKUE (Ronda) , Barakaldo",43.2906828,-2.99128,04-2022,
"401","451","ANDICOLLANO (Calle), 58, Barakaldo",43.288183,-2.9810264,04-2022,
"402","452","MURRIETA (Calle), 33 , Barakaldo",43.2969875,-2.9862029,04-2022,
"403","453","MURRIETA (Calle), 33 , Barakaldo",43.2969875,-2.9862029,04-2022,
"404","454","KARRANZAIRU (Calle), 3 , Barakaldo",43.2969504,-2.9875791,04-2022,
"405","455","JUAN DE GARAI (Calle), 5, Barakaldo",43.2565441,-2.9331639,04-2022,
"406","456","JUAN DE GARAI (Calle), 5, Barakaldo",43.2565441,-2.9331639,04-2022,
"407","457","NAFARROA (Calle), 11 , Barakaldo",43.2969875,-2.9862029,04-2022,
"408","458","GERNIKAKO ARBOLA (Avenida), 52 , Barakaldo",43.2873591,-2.9937627,04-2022,
"409","461","BIZKAIA (Calle), 28 , Barakaldo",43.2943471,-2.9866775,04-2022,
"410","462","NAFARROA (Calle), 2 , Barakaldo",43.2969875,-2.9862029,04-2022,
"411","463","SAN VICENTE (Prolongación), 4, Barakaldo",43.2955328,-2.9914272,04-2022,
"412","464","ZUMALAKARREGI (Calle) , Barakaldo",43.2833682,-2.9769955,04-2022,
"413","465","ANSIO (Plaza), 8 , Barakaldo",43.2831113,-2.9943762,04-2022,
"414","466","LA RIBERA (Camino) , Barakaldo",43.2969875,-2.9862029,04-2022,
"415","467","LA RIBERA (Camino) , Barakaldo",43.2969875,-2.9862029,04-2022,
"416","468","LA RIBERA (Camino) , Barakaldo",43.2969875,-2.9862029,04-2022,
"417","469","LA RIBERA (Camino) , Barakaldo",43.2969875,-2.9862029,04-2022,
"418","470","LA RIBERA (Camino) , Barakaldo",43.2969875,-2.9862029,04-2022,
"419","471","LA RIBERA (Camino), Barakaldo",43.2969875,-2.9862029,04-2022,
"420","472","LA RIBERA (Camino) , Barakaldo",43.2969875,-2.9862029,04-2022,
"421","473","LA RIBERA (Camino) , Barakaldo",43.2969875,-2.9862029,04-2022,
"422","474","LA RIBERA (Camino) , Barakaldo",43.2969875,-2.9862029,04-2022,
"423","475","LA RIBERA (Camino) , Barakaldo",43.2969875,-2.9862029,04-2022,
"424","476","LA RIBERA (Camino) , Barakaldo",43.2969875,-2.9862029,04-2022,
"425","477","LA RIBERA (Camino), Barakaldo",43.2969875,-2.9862029,04-2022,
"426","478","LA RIBERA (Camino) , Barakaldo",43.2969875,-2.9862029,04-2022,
"427","479","LA RIBERA (Camino), Barakaldo",43.2969875,-2.9862029,04-2022,
"428","480","LA RIBERA (Camino), 1, Barakaldo",43.2969875,-2.9862029,04-2022,
"429","481","LA RIBERA (Camino), 1, Barakaldo",43.2969875,-2.9862029,04-2022,
"430","482","LA RIBERA (Camino), 1, Barakaldo",43.2969875,-2.9862029,04-2022,
"431","483","AFORADOS (Calle), 6, Barakaldo",43.2919441,-2.9959716,04-2022,
"432","484","ERREKATXU (Calle), 5 , Barakaldo",43.2941343,-3.0004199,04-2022,
"433","485","ERREKATXU_ (Calle), 5 , Barakaldo",43.2941343,-3.0004199,04-2022,
"434","486","ARTEAGABEITIA (Calle), Barakaldo",43.2919248,-2.9936234,04-2022,
"435","487","ARABA (Calle) , Barakaldo",43.2949849,-2.9843215,04-2022,
"436","488","LA RIBERA (Camino) , Barakaldo",43.2969875,-2.9862029,04-2022,
"437","489","HORACIO ETXEBARRIETA (Calle), Barakaldo",43.2822,-2.9815771,04-2022,
"438","491","MIRANDA (Avenida), 12 , Barakaldo",43.2964707,-2.994534,04-2022,
"439","492","MIRANDA (Avenida), 10, Barakaldo",43.2964707,-2.994534,04-2022,
"440","493","FLEMING (Calle), 4 , Barakaldo",43.2969875,-2.9862029,04-2022,
"441","494","ARTEAGABEITIA (Calle), 4 , Barakaldo",43.2919248,-2.9936234,04-2022,
"442","495","ARTEAGABEITIA (Calle), 4, Barakaldo",43.2919248,-2.9936234,04-2022,
"443","496","KARRANZAIRU (Calle) , Barakaldo",43.2969504,-2.9875791,04-2022,
"444","498","ERREKATXU (Calle) , Barakaldo",43.2941343,-3.0004199,04-2022,
"445","499","ARTEAGABEITIA (Calle), 5 , Barakaldo",43.2919248,-2.9936234,04-2022,
"446","500","BUEN PASTOR (Calle) , Barakaldo",43.1881174,-2.4613737,04-2022,
"447","501","PIO BAROJA (Calle) , Barakaldo",43.2858558,-2.981046,04-2022,
"448","502","MURRIETA (Calle) , Barakaldo",43.3009137,-2.9884207,04-2022,
"449","503","DON TELLO (Calle) , Barakaldo",43.2961075,-2.9999893,04-2022,
"450","505","RETUERTO (Calle), 46, Barakaldo",43.2853107,-2.99448,04-2022,
"451","506","SAN VICENTE (Prolongación), 4, Barakaldo",43.2955328,-2.9914272,04-2022,
"452","507","RIO CASTAÑOS (Calle), 1, Barakaldo",43.2868986,-2.9982775,04-2022,
"453","508","SAN LUIS (Calle), 6, Barakaldo",43.2969875,-2.9862029,04-2022,
"454","509","ARRANOI (Calle), 2 , Barakaldo",43.2969875,-2.9862029,04-2022,
"455","510","IBAIBE (Calle), 1, Barakaldo",43.3025561,-2.9966717,04-2022,
"456","511","BIZKAIA (Calle), 18, Barakaldo",43.2949419,-2.9875933,04-2022,
"457","512","BIZKAIA (Calle), 18, Barakaldo",43.2949419,-2.9875933,04-2022,
"458","513","ERRIOXA (Calle), 1 , Barakaldo",43.2956989,-2.9839822,04-2022,
"459","515","LA PAZ (Calle), Barakaldo",43.2810853,-2.9880258,04-2022,
"460","516","LA PAZ (Calle), Barakaldo",43.2810853,-2.9880258,04-2022,
"461","517","LA PAZ (Calle), Barakaldo",43.2810853,-2.9880258,04-2022,
"462","518","LA PAZ (Calle), Barakaldo",43.2810853,-2.9880258,04-2022,
"463","519","LA PAZ (Calle), Barakaldo",43.2810853,-2.9880258,04-2022,
"464","521","SAN BARTOLOME (Avenida), 9, Barakaldo",43.292046,-3.0043672,04-2022,
"465","522","LEKUBARRI (Calle), Barakaldo",43.0050457,-1.8964922,04-2022,
"466","523","FERRERIAS (Calle), 48 , Barakaldo",43.3014276,-2.9922548,04-2022,
"467","524","BIZKAIA (Calle), Barakaldo",43.2940441,-2.9845767,04-2022,
"468","526","SAN ANTONIO (Calle) , Barakaldo",43.2986374,-2.9851494,04-2022,
"469","527","ARAGON (Calle), Barakaldo",43.2922462,-2.9895857,04-2022,
"470","529","ARRANOI (Calle), 40, Barakaldo",43.2969875,-2.9862029,04-2022,
"471","530","LANDABURU (Plaza), 6 , Barakaldo",43.2944419,-2.9879819,04-2022,
"472","531","CASTILLA-LA MANCHA (Calle), 28 , Barakaldo",43.2955764,-2.9850411,04-2022,
"473","532","BALEJO (Calle), 5, Barakaldo",43.2837761,-2.9833673,04-2022,
"474","533","CRUCES (Plaza), Barakaldo",43.2814268,-2.9836077,04-2022,
"475","535","CRUCES (Plaza), Barakaldo",43.2814268,-2.9836077,04-2022,
"476","536","ARAUTI (Calle) , Barakaldo",43.2997055,-2.9956896,04-2022,
"477","537","ARAUTI (Calle), Barakaldo",43.2997055,-2.9956896,04-2022,
"478","538","EL BOTXO (Plaza) , Barakaldo",43.2987654,-2.9837868,04-2022,
"479","539","MUNOA (Calle), 24, Barakaldo",43.2792709,-2.9788766,04-2022,
"480","541","KARRANZAIRU (Calle), Barakaldo",43.2969504,-2.9875791,04-2022,
"481","542","KARRANZAIRU (Cal!e), Barakaldo",43.2969504,-2.9875791,04-2022,
"482","543","ARGENTA (Calle), 8 , Barakaldo",43.2969875,-2.9862029,04-2022,
"483","544","ARGENTA (Calle), 8 , Barakaldo",43.2969875,-2.9862029,04-2022,
"484","545","GOROSTITZA (Calle), Barakaldo",43.2744721,-2.99392,04-2022,
"485","546","ANDICOLLANO (Calle) , Barakaldo",43.288183,-2.9810264,04-2022,
"486","547","SAN LUIS (Calle), 6 , Barakaldo",43.2969875,-2.9862029,04-2022,
"487","548","LA PAZ (Calle) , Barakaldo",43.2810853,-2.9880258,04-2022,
"488","549","ERREKATXU (Calle), Barakaldo",43.2941343,-3.0004199,04-2022,
"489","550","FRANCISCO GOMEZ (Calle), 15 , Barakaldo",43.2961451,-2.9946864,04-2022,
"490","551","SANTIAGO APOSTOL (Calle), Barakaldo",43.2923901,-2.9929124,04-2022,
"491","552","LA INMACULADA (Calle), 28 , Barakaldo",43.2847548,-2.984584,04-2022,
"492","553","LA LIBERTAD (Avenida), 45 , Barakaldo",43.2969875,-2.9862029,04-2022,
"493","554","ARTEAGABEITIA (Calle), 7 , Barakaldo",43.2919248,-2.9936234,04-2022,
"494","555","CASERIO IBARRE (Calle), Barakaldo",43.2920591,-2.9820334,04-2022,
"495","557","ARRANDI (Calle), 36 , Barakaldo",43.2956962,-2.9861551,04-2022,
"496","558","BALEJO (Calle), 13, Barakaldo",43.2837761,-2.9833673,04-2022,
"497","559","ETXATXU (Calle), 37 , Barakaldo",43.2934956,-2.9850378,04-2022,
"498","560","BIZKAIA (Calle), 28, Barakaldo",43.2943471,-2.9866775,04-2022,
"499","561","GERNIKAKO ARBOLA (Avenida), 18 , Barakaldo",43.2934974,-2.990558,04-2022,
"500","562","GERNIKAKO ARBOLA (Avenida), 18 , Barakaldo",43.2934974,-2.990558,04-2022,
"501","563","GERNIKAKO ARBOLA (Avenida), 18, Barakaldo",43.2934974,-2.990558,04-2022,
"502","564","GERNIKAKO ARBOLA (Avenida), 18 , Barakaldo",43.2934974,-2.990558,04-2022,
"503","565","GERNIKAKO ARBOLA (Avenida), 18 , Barakaldo",43.2934974,-2.990558,04-2022,
"504","566","ARAUTI (Calle), 16 , Barakaldo",43.2997055,-2.9956896,04-2022,
"505","567","SAN VICENTE (Calle), 6, Barakaldo",43.2969875,-2.9862029,04-2022,
"506","568","ARRIOTXE (Calle), Barakaldo",43.2898398,-2.9782577,04-2022,
"507","569","SERRALTA (Alameda) , Barakaldo",43.2889311,-2.9828852,04-2022,
"508","570","SERRALTA (Alameda) , Barakaldo",43.2889311,-2.9828852,04-2022,
"509","571","SERRALTA (Alameda) , Barakaldo",43.2889311,-2.9828852,04-2022,
"510","572","SERRALTA (Alameda) , Barakaldo",43.2889311,-2.9828852,04-2022,
"511","573","SERRALTA (Alameda) , Barakaldo",43.2889311,-2.9828852,04-2022,
"512","575","JUNTAS GENERALES (Calle), 40, Barakaldo",42.8641636,-2.6814398,05-2022,
"513","576","BAZIGORTA (Calle), 4 , Barakaldo",43.2901134,-2.978043,05-2022,
"514","577","LEKUBARRI (Calle) , Barakaldo",43.0050457,-1.8964922,05-2022,
"515","578","LEKUBARRI (Calle) , Barakaldo",43.0050457,-1.8964922,05-2022,
"516","579","LEKUBARRI (Calle) , Barakaldo",43.0050457,-1.8964922,05-2022,
"517","580","LANDABEKO (Calle), Barakaldo",43.2921583,-2.9918873,05-2022,
"518","581","LANDABEKO (Calle) , Barakaldo",43.2921583,-2.9918873,05-2022,
"519","582","SAN VICENTE {Calle), 22, Barakaldo",43.2969875,-2.9862029,05-2022,
"520","583","LA INMACULADA (Calle), 27, Barakaldo",43.2847548,-2.984584,05-2022,
"521","584","KARRANZAIRU (Calle), Barakaldo",43.2969504,-2.9875791,05-2022,
"522","586","EUSKADI (Avenida), 17 , Barakaldo",43.2969875,-2.9862029,05-2022,
"523","587","REKETA (Calle), 9, Barakaldo",43.2982752,-2.9815054,05-2022,
"524","588","SAN BARTOLOME (Avenida), 11 , Barakaldo",43.292046,-3.0043672,05-2022,
"525","589","ARABA (Calle), 22, Barakaldo",43.2949849,-2.9843215,05-2022,
"526","590","MIRANDA {Avenida), 2, Barakaldo",43.2964707,-2.994534,05-2022,
"527","591","EL CARMEN (Travesía) , Barakaldo",43.3001171,-2.9826794,05-2022,
"528","592","BIZKAIA (Calle), 12, Barakaldo",43.2951586,-2.9881035,05-2022,
"529","593","HORACIO ETXEBARRIETA (Calle), Barakaldo",43.2822,-2.9815771,05-2022,
"530","594","KARRANZAIRU (Calle), Barakaldo",43.2969504,-2.9875791,05-2022,
"531","595","ARTEAGABEITIA (Calle), 20, Barakaldo",43.2919248,-2.9936234,05-2022,
"532","596","LA PAZ (Calle), 38 , Barakaldo",43.2969875,-2.9862029,05-2022,
"533","598","ARGENTA (Calle), 4 , Barakaldo",43.2969875,-2.9862029,05-2022,
"534","599","CASTILLA-LA MANCHA (Calle), Barakaldo",43.2955764,-2.9850411,05-2022,
"535","600","ARABA (Calle), 1 , Barakaldo",43.2969875,-2.9862029,05-2022,
"536","601","UGARTEBEITIA (Calle), Barakaldo",43.2883904,-3.0125326,05-2022,
"537","602","LA LIBERTAD (Avenida), 18 , Barakaldo",43.2969875,-2.9862029,05-2022,
"538","603","ERROTABARRIA (Calle), 2 , Barakaldo",43.2899731,-2.9769762,05-2022,
"539","604","ERROTABARRIA (Calle), 6, Barakaldo",43.2899731,-2.9769762,05-2022,
"540","605","MURRIETA (Calle), Barakaldo",43.3009137,-2.9884207,05-2022,
"541","606","LA PAZ (Calle) , Barakaldo",43.2810853,-2.9880258,05-2022,
"542","607","FRANCISCO GOMEZ (Calle), 6, Barakaldo",43.2969875,-2.9862029,05-2022,
"543","608","LA PAZ (Calle), Barakaldo",43.2810853,-2.9880258,05-2022,
"544","609","LA PAZ (Calle), Barakaldo",43.2810853,-2.9880258,05-2022,
"545","610","SAN VICENTE (Calle), 38, Barakaldo",43.2969875,-2.9862029,05-2022,
"546","611","ELECTRICA NERVION (Calle) , Barakaldo",43.300286,-2.9827955,05-2022,
"547","612","LA INMACULADA (Calle) , Barakaldo",43.2847548,-2.984584,05-2022,
"548","613","DOLORES IBARRURI (Paseo), Barakaldo",43.300056,-2.9896847,05-2022,
"549","614","BIZKAIA (Calle), 25, Barakaldo",43.2948303,-2.986951,05-2022,
"550","616","RETUERTO (Calle), Barakaldo",43.2853107,-2.99448,05-2022,
"551","618","CASTILLA-LA MANCHA (Calle), 13, Barakaldo",43.2955764,-2.9850411,05-2022,
"552","619","MIRANDA (Avenida), 12, Barakaldo",43.2964707,-2.994534,05-2022,
"553","620","GRANADOS (Calle), 1 , Barakaldo",43.2888064,-2.9951253,05-2022,
"554","621","JUAN XXIII (Calle) , Barakaldo",43.2806921,-2.9841,05-2022,
"555","622","ARTEAGAGOIKO (Calle) , Barakaldo",43.2943182,-2.9913411,05-2022,
"556","623","ARABA (Calle), 6, Barakaldo",43.2969875,-2.9862029,05-2022,
"557","624","LA RIBERA (Camino), Barakaldo",43.2969875,-2.9862029,05-2022,
"558","625","FRANCISCO GOMEZ (Calle), 22 , Barakaldo",43.2969875,-2.9862029,05-2022,
"559","626","FLEMING (Calle), 64 , Barakaldo",43.2969875,-2.9862029,05-2022,
"560","627","LA RIBERA (Camino), 1 , Barakaldo",43.2969875,-2.9862029,05-2022,
"561","628","LA RIBERA (Camino), 1, Barakaldo",43.2969875,-2.9862029,05-2022,
"562","629","LA RIBERA (Camino), 1, Barakaldo",43.2969875,-2.9862029,05-2022,
"563","630","LA RIBERA (Camino), 1 , Barakaldo",43.2969875,-2.9862029,05-2022,
"564","631","LA RIBERA (Camino), 1, Barakaldo",43.2969875,-2.9862029,05-2022,
"565","632","BALEJO (Calle), 5, Barakaldo",43.2837761,-2.9833673,05-2022,
"566","633","BALEJO (Calle), 5, Barakaldo",43.2837761,-2.9833673,05-2022,
"567","634","BALEJO (Calle), 5, Barakaldo",43.2837761,-2.9833673,05-2022,
"568","635","BALEJO (Calle), 5 , Barakaldo",43.2837761,-2.9833673,05-2022,
"569","636","BALEJO (Calle), 5 , Barakaldo",43.2837761,-2.9833673,05-2022,
"570","637","BALEJO (Calle) , Barakaldo",43.2837761,-2.9833673,05-2022,
"571","639","LA PAZ (Calle), 10, Barakaldo",43.2969875,-2.9862029,05-2022,
"572","640","ALEIXANDRE (Calle), 1, Barakaldo",43.2832726,-2.989281,05-2022,
"573","641","MUNIBE (Calle), 4 , Barakaldo",43.2993865,-2.9903267,05-2022,
"574","642","EL FERROCARRIL (Paseo) , Barakaldo",43.2969875,-2.9862029,05-2022,
"575","643","EL AHORRO (Calle), 3 , Barakaldo",43.2969875,-2.9862029,05-2022,
"576","644","LA PAZ (Calle), Barakaldo",43.2810853,-2.9880258,05-2022,
"577","645","SERRALTA (Alameda), 6 , Barakaldo",43.2889311,-2.9828852,05-2022,
"578","646","LA FLORIDA (Calle), 6, Barakaldo",43.2930659,-2.9871968,05-2022,
"579","647","BEURKO VIEJO (Calle) , Barakaldo",43.3016854,-2.9974385,05-2022,
"580","653","EXTREMADURA (Calle) , Barakaldo",43.2903191,-2.9953849,05-2022,
"581","654","MIRANDA (Avenida), Barakaldo",43.2964707,-2.994534,05-2022,
"582","655","ELECTRICA NERVION (Calle) , Barakaldo",43.300286,-2.9827955,05-2022,
"583","656","JUNTAS GENERALES (Calle), 18 , Barakaldo",43.2978061,-2.9894093,05-2022,
"584","658","CASTILLA-LA MANCHA (Calle), 13 , Barakaldo",43.2955764,-2.9850411,05-2022,
"585","659","ZUMALAKARREGI (Calle), Barakaldo",43.2833682,-2.9769955,05-2022,
"586","661","FRANCISCO TIERRA (Calle), 4 , Barakaldo",43.2788562,-2.9797518,05-2022,
"587","662","BALEJO (Calle), 5 , Barakaldo",43.2837761,-2.9833673,05-2022,
"588","663","JUNTAS GENERALES (Calle), 11, Barakaldo",43.2978061,-2.9894093,05-2022,
"589","664","LA PAZ (Calle), Barakaldo",43.2810853,-2.9880258,05-2022,
"590","665","LA PAZ (Calle) , Barakaldo",43.2810853,-2.9880258,05-2022,
"591","666","IBAIBE (Calle) , Barakaldo",43.3025561,-2.9966717,05-2022,
"592","667","LA RIBERA (Camino), , Barakaldo",43.2969875,-2.9862029,05-2022,
"593","668","LA RIBERA (Camino), , Barakaldo",43.2969875,-2.9862029,05-2022,
"594","669","CASTILLA-LEON (Calle), 11 , Barakaldo",43.2948234,-2.9857605,05-2022,
"595","670","BALEJO (Calle), 2, Barakaldo",43.2837761,-2.9833673,05-2022,
"596","671","SAN BARTOLOME (Avenida) , Barakaldo",43.292046,-3.0043672,05-2022,
"597","672","BITURITXA (Calle), 1, Barakaldo",43.2905414,-2.981039,05-2022,
"598","673","MIRANDA (Avenida), 10, Barakaldo",43.2964707,-2.994534,05-2022,
"599","674","CRUCES (Plaza), Barakaldo",43.2814268,-2.9836077,05-2022,
"600","675","LA PAZ (Calle) , Barakaldo",43.2810853,-2.9880258,05-2022,
"601","677","O CRUCES (Plaza) , Barakaldo",43.2814268,-2.9836077,05-2022,
"602","678","LA ECONOMIA (Calle), 41 , Barakaldo",43.2928854,-2.9934497,05-2022,
"603","679","ARAUTI (Calle) , Barakaldo",43.2997055,-2.9956896,05-2022,
"604","680","RUBEN DARIO (Calle), 5 , Barakaldo",43.2969875,-2.9862029,05-2022,
"605","681","ARABA (Calle), 6 , Barakaldo",43.2969875,-2.9862029,05-2022,
"606","682","BEURKO VIEJO (Calle), Barakaldo",43.3016854,-2.9974385,05-2022,
"607","683","RIO CASTAÑOS (Calle) , Barakaldo",43.2868986,-2.9982775,05-2022,
"608","684","RIO CASTAÑOS (Calle), Barakaldo",43.2868986,-2.9982775,05-2022,
"609","685","ARRANDI (Calle) , Barakaldo",43.2956962,-2.9861551,05-2022,
"610","686","URKULLU (Calle), 30 , Barakaldo",43.2621182,-3.0204343,05-2022,
"611","688","CRUCES (Plaza) , Barakaldo",43.2814268,-2.9836077,05-2022,
"612","689","CASTILLA-LEON (Calle), 7 , Barakaldo",43.2948234,-2.9857605,05-2022,
"613","690","CASTILLA-LEON (Calle), 7, Barakaldo",43.2948234,-2.9857605,05-2022,
"614","691","ZUBILETA (Calle), 12 , Barakaldo",43.2780568,-2.9791386,05-2022,
"615","692","NAFARROA (Calle), 11, Barakaldo",43.2969875,-2.9862029,05-2022,
"616","693","MURRIETA (Calle), Barakaldo",43.3009137,-2.9884207,05-2022,
"617","694","CERVANTES (Calle) , Barakaldo",43.3007277,-2.9886632,06-2022,
"618","695","JOSE VARA (Calle), 1, Barakaldo",43.2867342,-3.0014249,06-2022,
"619","696","KAREAGA (Calle), 1, Barakaldo",43.2869809,-3.0077703,06-2022,
"620","697","EL FERROCARRIL (Paseo) , Barakaldo",43.2969875,-2.9862029,06-2022,
"621","698","ELECTRICA NERVION (Calle) , Barakaldo",43.300286,-2.9827955,06-2022,
"622","699","FERRERIAS (Calle), 50 , Barakaldo",43.3015862,-2.9923806,06-2022,
"623","700","IBAIBE (Calle) , Barakaldo",43.3025561,-2.9966717,06-2022,
"624","702","GERNIKAKO ARBOLA (Avenida), 52, Barakaldo",43.2873591,-2.9937627,06-2022,
"625","703","LARRASOLO (Calle), 11 , Barakaldo",43.2940525,-2.9931077,06-2022,
"626","704","ISMAEL GOROSTIZA (Calle), , Barakaldo",43.2878028,-2.9871232,06-2022,
"627","706","LA PAZ (Calle) , Barakaldo",43.2810853,-2.9880258,06-2022,
"628","707","LA FLORIDA (Calle), 1 , Barakaldo",43.2948181,-2.9881426,06-2022,
"629","708","ALTOS HORNOS DE VIZCAYA (Avenida) , Barakaldo",43.2969875,-2.9862029,06-2022,
"630","709","SAN VICENTE (Calle), 1, Barakaldo",43.2969875,-2.9862029,06-2022,
"631","710","CASTILLA-LEON (Calle), 9 , Barakaldo",43.2948234,-2.9857605,06-2022,
"632","711","ALDAPA (Calle), 2, Barakaldo",43.2981347,-2.9861707,06-2022,
"633","712","ALDAPA (Calle), 2 , Barakaldo",43.2981347,-2.9861707,06-2022,
"634","713","ALDAPA (Calle), 2 , Barakaldo",43.2981347,-2.9861707,06-2022,
"635","714","JUNTAS GENERALES (Calle), 1, Barakaldo",43.2978061,-2.9894093,06-2022,
"636","715","LA BONDAD (Calle), 4 , Barakaldo",43.2984175,-2.9953181,06-2022,
"637","716","OKELURI (Calle), 10 , Barakaldo",43.2846044,-2.9823949,06-2022,
"638","717","BIZKAIA (Calle), 26, Barakaldo",43.2944898,-2.98699,06-2022,
"639","718","OKELURI (Calle), 16 , Barakaldo",43.2846044,-2.9823949,06-2022,
"640","719","OKELURI (Calle), 16 , Barakaldo",43.2846044,-2.9823949,06-2022,
"641","720","LA DINAMITA (Calle), 26 , Barakaldo",43.2772277,-2.9858697,06-2022,
"642","721","ETXATXU (Calle), 10 , Barakaldo",43.2934956,-2.9850378,06-2022,
"643","722","EL AHORRO (Calle), 3 , Barakaldo",43.2969875,-2.9862029,06-2022,
"644","725","LA INMACULADA (Calle), 25, Barakaldo",43.2847548,-2.984584,06-2022,
"645","727","LUCHANA MINING (Calle),, Barakaldo",43.2892559,-2.9778952,06-2022,
"646","728","LA PAZ (Calle), 13 , Barakaldo",43.2969875,-2.9862029,06-2022,
"647","729","CASERIO IBARRE (Calle), Barakaldo",43.2920591,-2.9820334,06-2022,
"648","730","PIO BAROJA (Calle), 1, Barakaldo",43.285123,-2.9801337,06-2022,
"649","731","PIO BAROJA (Calle), 1 , Barakaldo",43.285123,-2.9801337,06-2022,
"650","733","LETXEZAR (Calle), Barakaldo",43.3007146,-2.9901334,06-2022,
"651","734","EUSKADI (Avenida), 24 , Barakaldo",43.2969875,-2.9862029,06-2022,
"652","735","ISMAEL GOROSTIZA (Calle), Barakaldo",43.2878028,-2.9871232,06-2022,
"653","736","AZKUE (Ronda) , Barakaldo",43.2906828,-2.99128,06-2022,
"654","737","JUAN DE GARAI (Calle), 5, Barakaldo",43.2565441,-2.9331639,06-2022,
"655","738","HORACIO ETXEBARRIETA (Calle), Barakaldo",43.2822,-2.9815771,06-2022,
"656","739","ALEIXANDRE (Calle), 1, Barakaldo",43.2832726,-2.989281,06-2022,
"657","740","JUNTAS GENERALES (Calle), 6, Barakaldo",43.2978061,-2.9894093,06-2022,
"658","741","ARRANOI (Calle), 36, Barakaldo",43.2969875,-2.9862029,06-2022,
"659","742","LA LIBERTAD (Avenida), 45, Barakaldo",43.2969875,-2.9862029,06-2022,
"660","743","ELECTRICA NERVION (Calle), 1 , Barakaldo",43.300286,-2.9827955,06-2022,
"661","744","FRANCISCO GOMEZ (Calle), 4, Barakaldo",43.2961451,-2.9946864,06-2022,
"662","748","MIRANDA (Avenida), 14, Barakaldo",43.2964707,-2.994534,06-2022,
"663","749","LA LIBERTAD (Avenida), 19, Barakaldo",43.2969875,-2.9862029,06-2022,
"664","751","ARAUTI (Calle) , Barakaldo",43.2997055,-2.9956896,06-2022,
"665","753","CASTILLA-LEON (Calle), 7, Barakaldo",43.2948234,-2.9857605,06-2022,
"666","754","LA PAZ (Calle), 38, Barakaldo",43.2969875,-2.9862029,06-2022,
"667","755","BUEN PASTOR (Calle), 15 , Barakaldo",43.2969875,-2.9862029,06-2022,
"668","756","BEURKO VIEJO (Calle), 1 , Barakaldo",43.3016854,-2.9974385,06-2022,
"669","757","BEURKO VIEJO (Calle), 1 , Barakaldo",43.3016854,-2.9974385,06-2022,
"670","758","CASTOR ANDETXAGA (Calle), 12, Barakaldo",43.2957955,-2.9929385,06-2022,
"671","759","HOSPITAL DE CRUCES (Parking),, Barakaldo",43.2825571,-2.9843738,06-2022,
"672","760","ERREKATXU (Calle), 3, Barakaldo",43.2941343,-3.0004199,06-2022,
"673","762","GERNIKAKO ARBOLA (Avenida), 44, Barakaldo",43.2895587,-2.9928429,06-2022,
"674","763","BALEJO (Calle), 2, Barakaldo",43.2837761,-2.9833673,06-2022,
"675","764","GOYA (Calle) , Barakaldo",43.2951541,-2.9951159,06-2022,
"676","765","FERRERIAS (Calle), 50 , Barakaldo",43.3015862,-2.9923806,06-2022,
"677","766","LA INMACULADA (Calle) , Barakaldo",43.2847548,-2.984584,06-2022,
"678","768","GOROSTITZA (Calle), Barakaldo",43.2744721,-2.99392,06-2022,
"679","769","CASTOR ANDETXAGA (Calle), Barakaldo",43.2957955,-2.9929385,06-2022,
"680","770","BALEJO (Calle), Barakaldo",43.2837761,-2.9833673,06-2022,
"681","771","GOROSTITIA (Calle) , Barakaldo",43.1881174,-2.4613737,06-2022,
"682","772","GOROSTITIA (Calle) , Barakaldo",43.1881174,-2.4613737,06-2022,
"683","773","GOROSTITIA (Calle) , Barakaldo",43.1881174,-2.4613737,06-2022,
"684","774","BALEJO (Calle), 5 , Barakaldo",43.2837761,-2.9833673,06-2022,
"685","775","ASTURIAS (Calle), 2 , Barakaldo",43.3613953,-5.8593267,06-2022,
"686","776","ANDICOLLANO (Calle), 33, Barakaldo",43.288183,-2.9810264,06-2022,
"687","777","FRANCISCO GOMEZ (Calle), 8, Barakaldo",43.2961451,-2.9946864,06-2022,
"688","778","ARRANDI (Calle), 38 , Barakaldo",43.2956962,-2.9861551,06-2022,
"689","779","FERRERIAS (Calle), 50 , Barakaldo",43.3015862,-2.9923806,06-2022,
"690","780","CRUCES (Plaza) , Barakaldo",43.2814268,-2.9836077,06-2022,
"691","781","SAN LUIS (Calle) , Barakaldo",43.2938393,-2.9838001,06-2022,
"692","782","CARLOS IBAÑEZ LOPEZ (Calle), Barakaldo",43.2911678,-2.9775008,06-2022,
"693","783","JUAN DE GARAI (Calle), 5, Barakaldo",43.2565441,-2.9331639,06-2022,
"694","785","BALEJO (Calle), 2 , Barakaldo",43.2837761,-2.9833673,06-2022,
"695","786","JUNTAS GENERALES (Calle), 5, Barakaldo",42.8640138,-2.6834743,06-2022,
"696","787","FLEMING (Calle), 17 , Barakaldo",43.2969875,-2.9862029,06-2022,
"697","788","MUNOA (Calle) , Barakaldo",43.2792709,-2.9788766,06-2022,
"698","790","GERNIKAKO ARBOLA (Avenida), 22 , Barakaldo",43.2931503,-2.9910304,06-2022,
"699","791","GERNIKAKO ARBOLA (Avenida) , Barakaldo",43.2944127,-2.9951972,06-2022,
"700","792","LANDABURU (Calle) , Barakaldo",43.2924728,-2.9886797,06-2022,
"701","793","CASTILLA-LEON (Calle), 3 , Barakaldo",43.2948234,-2.9857605,06-2022,
"702","795","NAFARROA (Calle), 14 , Barakaldo",43.2969875,-2.9862029,06-2022,
"703","796","ARRANDI (Calle), 34, Barakaldo",43.2956962,-2.9861551,06-2022,
"704","797","ARRANDI (Calle), 38 , Barakaldo",43.2956962,-2.9861551,06-2022,
"705","798","MERINDAD DE URIBE (Calle), 8 , Barakaldo",43.2957664,-2.9883691,06-2022,
"706","799","FLEMING (Calle), 14 , Barakaldo",43.2969875,-2.9862029,06-2022,
"707","800","LA PAZ (Calle), Barakaldo",43.2810853,-2.9880258,06-2022,
